level_0,index,title,distributor,Non_US,US,Females_all_ages,Males_all_ages,F_under18,M_under18,F_18_29,M_18_29,F_30_44,M_30_44,F_45,M_45,All,clean_title,processed,Page_URL,Korean,topic
0,0,Battle Ground 625,"Showbox Entertainment

",7.7,7.7,7.9,7.7,6.5,8.0,7.7,7.8,7.9,7.7,7.8,7.5,7.7,battle ground 625,navi pilot smith caught mysteri storm crash plane whilst fli remot part found local nurs back health within small villag time stand still knowledg modern technolog unawar conflict within meanwhil far villag platoon north south encount leav north dead surviv north manag escap mountain passag north chang young lim ha found odd girl yeo kang crazi villag astonish find two south shin ha moon sang sang south desert also lead villag hous injur navi pilot smith differ villag unexpect encount arm standoff sever day idea stir wonder two side stand point stick confront soldier hold grenad worn fatigu accident anoth soldier heroic onto grenad explod dud shoulder contempt villag storehous villag stockpil corn winter fall sky surrealist popcorn two smith face fact quarrel condemn villag starvat follow winter help make damag even work togeth kill one wild troubl villag two gradual lessen though side memori terribl experienc war happen alli lost sever area rescu team recov smith mistakenli believ enemi hidden base plan rescu team smith bomber unit fli destroy anti aircraft presum villag innoc grave peril rescu team led command parachut night suffer heavi rough terrain enter villag assumpt cover enemi base begin rough toward despit conceal disguis rescu team one yeo fatal wound bullet survivor rescu team translat hit head smith translat peopl villag find plan north south realiz time smith make back base stop possibl way save villag decid creat decoy enemi base equip rescu team parachut drop unit attack instead villag smith sent back along surviv rescu parti member tell noth villag bomb case decid send meanwhil decoy success north south die smile barrag explod around villag save cost former later becom,https://pro.imdb.com/title/tt0475783?rf=cons_tt_bo_tt&ref_=cons_tt_bo_tt,y,3
1,1,Marathon,"Showbox Entertainment

",7.7,7.7,7.7,,7.6,7.7,7.7,7.4,7.7,7.8,7.4,7.4,,marathon,movi stori young man autism cho releas run child cho regularli threw bit commun find solac snack mother never gave determin prove world child normal cho older find passion run mother encourag support even though mother cho suffer famili financi find former marathon champion letharg old man alcohol old man serv commun servic physic educ teacher grudgingli offer train cho marathon run eventu becom lazi teacher often cho snack cho steam hous relax even though old marathon time cho determin run firm accident around soccer field teacher told without liter mean third place run race mother set anoth goal son run full marathon three easi task howev cho win doesnt know pace therefor mother former marathon runner must perform commun servic cho coach movi emot mother sure forc son run truli passion movi deep love genuin puriti cho,https://pro.imdb.com/title/tt0448621?rf=cons_tt_bo_tt&ref_=cons_tt_bo_tt,y,0
2,2,Lady Vengeance,"CJ Entertainment

",7.5,7.7,7.8,7.5,6.5,6.6,7.8,7.6,7.8,7.5,7.7,7.4,7.6,lady vengeance,geum lee ae lee spent thirteen prison murder littl boy see group dress bright red wait releas one geum angel man dress normal cloth preacher kim see come sing camera stone face although cold wear light cloth preacher winter cloth sent big block tofu grin hard half see news footag geum cover murder littl boy park mo one class last time saw boy told geum old time murder see polic custodi crowd news announc shock brutal murder everyon geum good director make movi public took wear polka dot similar wore see geum newli prison meet preacher behind wick witch face saw presenc angel see pray preacher anoth prison angel could true realli think angel angel evil act alway hear preacher said angel insid invok see geum help elderli woman anoth woman make beauti cake woman studi act angel prayer actual prison ideal place learn pray know see geum speak microphon banner behind faith day much applaus alik preacher extra enthusiast stand clap catch preacher geum present day look tofu block preacher tradit eat tofu releas live white never sin geum tofu rather take intent ground stun leav preacher shaken coldli go screw leav hair salon see friend former fellow inmat kim yang kim see cri give geum hug prison see yang someon prison whose face would shine yang anoth inmat ko also known witch go bed everyon see geum behind sit face wall face bright light kim offens strangl pimp geum pray lament past see kim face present kim geum home kim affection cold plan alreadi geum plan alreadi ago go bed geum vision snowi wasteland drag dog man head across snow eye farewel forehead see dark red eye shadow afterward see sleep geum also smile next day see geum walk citi street end mo kitchen tabl geum knife hand cut one told beg forgiv left call ambul mo father wait arriv money get finger oper day later work bakeri work chang dal oh unintent scene young employe shi kim taken beauti everyth carri awkwardli call elder sister call geum see meet anoth ex fellow inmat woo bu kim earli day prison say cri like babi man depress see happen cell get quick rob place mask felt like go die see pass prison yard kidney failur bitch give one kidney bit fluff give away easili see geum medic ward bed next geum damn bitch bad luck stop cri smile geum woo see anoth robberi fearless say marri goddess woo side fearless two fawn expressionless woo geum magnific plan help geum book mani fold paper pin wall like build gun got see anoth prison sit elderli woman ko sun sook go save ko spi north geum dog chicken calmli told geum book say vengeanc take comrad meet anoth inmat via oh mi ran ra see get take advantag pleasur anoth day prison bath behind see someon clean floor mop leav sexual satisfi tough woman away wet floor howev head floor back well geum room look woman bodi geum show bar soap hand present red eye shadow peopl alway say look kind heart sculptor paper draw make silver bastard yet yet busi though save best last see work bakeri man fascin say lot bare man detect charg case detect wife geum geum stori even teas woman say boy worri eat woman leav bakeri hyster drop good say made see detect geum almost angri boy detect seem convinc describ marbl boy went miss see polic crime forc min slight finger appear mean adopt agenc woman give see year old geum narrat pretti enough turn boy head least bit particular see call teacher told sexi pregnant live babi father want father big readi fatherhood see place get come see right shower without cloth back present geum build adopt agenc window goe bakeri late night surpris chang advanc decor cake troubl shaki strawberri mouss made prison inmat poor made dessert fit king three advanc agre write bank account number leav cake look magnific leav kill done someth wrong howev kill someon els nervou around futur back room sex take complet guard afterward said good bad said good child return safe sinc rich littl ransom make much differ although worri day emot reunion would make famili bond close said went mo boy kept cri said kill stop five realli kill aliv age dead polic found wit someon saw take mo bathhous one day came home market daughter gone got call said confess take blame girl would die funni keep burn daughter adopt see read letter came see daughter seem lighten stepmoth cordin geum jealou beauti daughter life geum laugh wildli laugh right chair stepfath toni barri pictur love much got beauti soul quickli shift laugh cri stepmoth say would without jenni night geum room daughter jenni yea young take geum jenni accept answer two argu loudli morn see couch look jenni geum see come togeth pistol elabor silver handl woo young use geum pretti everyth pretti woo young need close short rang night bed jenni dump geum tell go picnic howev time right picnic jenni wake night mo marbl goe back bed speak geum jenni next day pick puppi around jenni back seat paint face look like cat go find abandon schoolhous teach jenni geum gun practic classroom see eat dinner younger woman still eat dress behind sex take dinner one pay see caption show name park shin lee time back tabl finish dinner see prison oh get beaten geum later feed medic ward see hair come use strong stomach know problem geum enjoy help realli kind heart seriou audibl stomach geum plump geum howev happi eat lot put weight long take medicin geum food get sick geum hurri die see geum later fed bleach long geum three nicknam witch still kind heart geum see park talk geum say tonight take narrat anoth ex inmat found work park visit lead romanc preacher classroom pictur geum bakeri meet preacher money use lord work look geum start dinner without wait see two men tabl park make eat someth two men watch geum leav work jenni men attempt abduct see park alreadi eat tie chair beat geum assum unconsci get shoot guy head guy hold jenni back away get right fire narrat say even stress alway rang gun see fallen unconsci face right plate badli beaten geum jenni get geum floor spoon cut hair shortli see geum bound floor jenni asleep nearbi geum letter jenni written explain felt know tell say sorri enough apolog least three time geum dictionari read letter abandon classroom found picnic jenni back geum behind tie chair hold gun back head forc translat jenni nearbi geum much go jail return done big deep deserv sweet child like innoc grow without mother also part punish must take listen care everyon sin make aton aton understand aton right make aton big aton big small aton small jenni go kill wen ye geum made sinner jenni done man littl boy jenni say sorri mother geum laugh cri jenni happi right happi sinner geum sorri three time even anoth gun head phone ring key chain attach littl hang front gag eye shadow pull backward floor tie kick foot detect team found dig key chain miss marbl found real killer back right know four geum dig place chang come work two peopl look say see smile speak anyth video detect throw see jenni watch video cat geum classroom along detect video clearli cours extrem scream throw appear regist anyth child write grief stricken break uncontrol calm teacher affluent pick victim kidnap kill move anoth school never pick child one class never suspicion would tape right straightaway line ransom alreadi dead two want law punish hand chief want death right one child geum suppos steril anoth parent money put bank return mother need money geum go buy yacht discuss one woman suggest turn would lead long anoth let geum sinc alreadi jail anoth cowardli one one forc cross line choos start take vote concern rais someon justic could tell polic geum anyon come mo mother togeth husband touch geum finger agre visit choos see abl hear whole convers via speaker room tie pick paper decid goe first given plastic variou avail detect proper handl knife avoid get hurt mo mother goe first geum thing perfect person leav room daze bloodi knife hand four go togeth next visit one men go bring son back honey one rush attack geum one wait room one boy sister anoth grandmoth look well could bare afford keep brother school lost hous everyth come ransom grandmoth daughter law son left countri tell father ax take turn grandmoth still turn way door cover blood help room grandmoth turn bother plastic next see detect scissor name tag neck work togeth drain blood plastic sheet beneath dispos evid detect group pictur buri bodi togeth geum give moment fill hole custom pistol resum fill see everyon togeth later cake bakeri sing happi birthday blow sister one geum wire money account give account number give everyth turn silent one break convers like say angel pass caus look come bakeri realiz rush geum cigarett purs mo marbl roll across floor mo corner roll smoke cigarett although littl boy apolog gag mouth old would leav kneel front away see jenni bed smoke although still sleep geum leav bakeri song dare look back realli send jenni back look back answer see jenni walk also snow barefoot narrat geum made great mistak youth use peopl achiev still find redempt desir see start run follow littl behind see run jenni give hug narrat spite geum geum offer jenni cake white live white like jenni stick finger cake stick finger geum although finger geum act jenni snow come white open mouth catch snowflak thing geum shake someth head cake jenni behind narrat farewel geum watch snow fall three,https://pro.imdb.com/title/tt0451094?rf=cons_tt_bo_tt&ref_=cons_tt_bo_tt,y,0
7,7,Rules of Dating,"CJ Entertainment

",6.4,6.4,6.5,,6.1,6.5,5.5,5.9,6.1,6.5,6.7,6.6,,rules of dating,shallow boy girl,https://pro.imdb.com/title/tt0464762?rf=cons_tt_bo_tt&ref_=cons_tt_bo_tt,y,0
13,13,A Bittersweet Life,"CJ Entertainment

",7.5,7.7,7.4,7.6,8.0,5.7,7.4,7.7,7.5,7.6,7.4,7.4,7.6,a bittersweet life,kim sun woo lee enforc manag hotel cold calcul crime boss kang kim unquestion loyal two share busi son rival famili kang sun woo first simpl errand away busi trip shadow young mistress shin min fear may cheat anoth much younger man mandat must kill affair duti follow music recit one day becom quietli girl beauti innoc lone empti person life becom preval come discov secret lover directli home fierc see girl state take paus attract thu two condit longer see caus harbour enmiti toward despit fact save expens meanwhil sun woo person busi beaten sever welcom hotel one apolog apart later one night suddenli men tortur receiv new via phone call abruptli carri kang return oversea found cover affair kang men tortur confess lie left alon think answer dare messi escap sun woo reveng help one sun woo loyal money new cloth go plan secretli gift make amend meet local arm work kang organ kill deal buy handgun vendetta brother one promptli find sun woo goe set fake rendezv kill well though vicious process bleed violent shoot spree directli kang amidst one busi anger badli despit mani servic kang remain coldli indiffer plight see posit absolut matter sun woo quickli pick trail sun woo survivor battl arm dealer brother final catch room die multipl gunshot wound reminisc day music recit memori play cello emot rare moment content sun woo tear memori brother bullet head next scene sun woo look window citi begin shadowbox reflect glass end left ambigu viewer unsur everyth dream,https://pro.imdb.com/title/tt0456912?rf=cons_tt_bo_tt&ref_=cons_tt_bo_tt,y,3
97,97,200 Pounds Beauty,"Showbox Entertainment

",6.7,6.9,6.8,6.7,6.3,7.0,6.9,6.8,6.6,6.7,6.8,6.8,6.7,200 pounds beauty,hanna overweight phone sex employe secret vocalist famou lion seal pop singer actual lip sing instead famou amaz vocal talent hanna behind perform stage one day ungrat front music compani director sang birthday parti know full well han na crush cri bathroom hanna sang tell even though hanna voic must kind walk heartbroken hanna suicid interrupt phone call one phone sex top plastic surgeon get head toe plastic surgeri instead surgeon first oper hanna hanna blackmail surgeon tell wife hanna move speech want undergo surgeri mere beauti sake love boost confid surgeon deepli hanna seclus year come back hospit hanna incred beauti slender one even best friend min min help new ident jenni secret vocalist record contract instead sang natur oblivi like everyon els hanna new ident desper find hanna record album sinc sing spend time hanna father hospit mental possibl meanwhil romanc blossom jenni sang promot jenni effect hanna confid new self howev spend time hanna father jenni eventu jenni actual hanna disguis date one night spark fli jenni supposedli strip sang charact nurs phone sex session jenni fallen asleep charact jenni drawn glass sign seen hanna still met jenni yet han na drawn exact sheet music well jenni actual hanna inform jenni debut singl maria becom hit record compani parti celebr releas day parti howev jenni father attempt blow han na cover han na father return han na doll alway hanna childhood gift sudden appear father know react front peopl sang han na know father fan instead sang old man guest father give doll han na sang away jenni accident onto floor desper keep true ident secret han na made move help father min final jenni furiou look hanna father away parti parti sang jenni left room sang jenni true ident cold distant unabl forgiv lie still work promot jenni carri concert next day hanna point heartbroken unabl pretend someon els hanna incred pain abl live lie especi front surgeri took whole year recov nearli pain realiz still could close sang sang comfort brush away say broke heart tissu paper fix day jenni first concert sang still jenni concert despit compani boss later distraught jenni concert sake compani thu continu support concert jenni sing later pressur see father drag away secur everybodi stop public jenni fake natur plastic howev nobodi believ proce tear tell larg crowd stori abandon everyth dear best friend father get also crowd along way fame fortun also lost ident longer behind stage show clip old obes hanna sing angel hanna turn around old imag crowd imag real crowd sincer confess chant hanna father best friend stage name jenni name hanna becom highli success music artist gain mani anti along way sang thing hanna alway drawn hanna innoc howev also content end movi see hanna best friend min also get head toe plastic surgeri,https://pro.imdb.com/title/tt0940642?rf=cons_tt_bo_tt&ref_=cons_tt_bo_tt,y,4
101,101,Radio Star,"Cinema Service

",7.0,7.1,6.9,,7.0,7.1,8.8,7.4,7.2,7.2,5.6,6.6,,radio star,award win singer comeback manag decid split,https://pro.imdb.com/title/tt0891577?rf=cons_tt_bo_tt&ref_=cons_tt_bo_tt,y,2
107,107,Deiji,"Showbox Entertainment

",7.5,7.2,7.5,7.5,9.0,4.0,7.6,7.8,7.6,7.5,7.4,6.9,7.5,deiji,artist privat draw exhibit plaza abl live first love first love never seen strongli pictur daisi respons pictur daisi potteri everyday meanwhil man come draw everyday hour develop strang turn intern cop work undercov intent tri approach time goe innoc bright person person wait afraid tell truth fear lose park person actual wait heart pain love feel woo profession hit man stay away choic though watch woo love disappear easili two fate cross one woman decis yet made park pictur woo next hit,https://pro.imdb.com/title/tt0468704?rf=cons_tt_bo_tt&ref_=cons_tt_bo_tt,y,1
111,111,"I'm a Cyborg, But That's OK","CJ Entertainment

",7.0,7.1,7.4,7.0,5.0,,7.4,7.2,7.5,7.0,7.0,6.6,7.1,"i'm a cyborg, but that's ok",work radio assembl factori cha young goon lim touch realiti wrist knife power cord wall outlet scene brought date stori rapid mother interview psychiatr hospit doctor natur doctor tri determin young goon psychosi interview may famili problem none stabl back factori young goon lie floor still chair see right foot shock brought inner batteri full strength light show state charg go see product circuit board uniform name text scatter around film open cover see young goon wheel around hospit one staff point staff member mani patient cover staff member howev turn anoth patient replac lost due amnesia point park soon rain ping pong champion capabl steal patient person stori park soon overcom anti social help process one patient apologet attitud anoth sing voic young goon sympathi sin kill white took granni away discov white hospit movi get delv mental state number girl yodel alpin view world hand mirror anoth fli lie prone rub magic togeth man backward one sneak park soon also young goon sympathi kill white soon help success hallucin kill entir hospit staff realiti stop eat fear food gum inner park soon rice convert food electr fit devic success start eat delight staff patient popul park soon think shrink dot unless constantli brush teeth teeth see last thing go toward end park soon number abil steal person conclus young goon interpret vision granni tell mean young goon exist sinc young goon could actual hear granni park sun figur messag via lip read young goon purpos determin explod nuclear bomb billion pull two figur light best way accomplish thunderstorm two picnic tent go use young goon radio antenna har lighten deton antenna attach wheel intraven stand unknown young goon park soon attach wine bottl cork top antenna prevent actual electrocut fierc wind blow away tent find two sit tarp cling intraven stand lightn strike decid remov wet later cloth wet morn see two make love tarp watch rainbow develop horizon roll,https://pro.imdb.com/title/tt0497137?rf=cons_tt_bo_tt&ref_=cons_tt_bo_tt,y,0
112,112,Seducing Mr. Perfect,"Lotte Entertainment

",6.6,6.6,6.5,,6.8,6.4,6.9,6.8,6.8,6.4,6.7,5.9,,seducing mr. perfect,drive hong min back stranger car avoid speak unbeknownst stranger new boss,https://pro.imdb.com/title/tt0928154?rf=cons_tt_bo_tt&ref_=cons_tt_bo_tt,y,2
122,122,Almost Love,"Showbox Entertainment

",6.5,6.4,6.7,,6.4,6.6,6.2,6.6,6.4,6.6,6.7,6.6,,almost love,two childhood one student becom next pain shi aspir actress forc confront true begin date peopl,https://pro.imdb.com/title/tt0777808?rf=cons_tt_bo_tt&ref_=cons_tt_bo_tt,y,4
123,123,Cruel Winter Blues,"CJ Entertainment

",7.1,7.0,7.1,,7.5,7.0,6.8,7.0,7.6,7.2,7.5,6.3,,cruel winter blues,small time crook moon goe man mentor moon chi gook retir practition becom partner goe killer dae chi gook moon devis plan kill dae day reckon moon dae mother worri son cant proceed kill howev encount dae moon field day,https://pro.imdb.com/title/tt0969367?rf=cons_tt_bo_tt&ref_=cons_tt_bo_tt,y,1
171,171,Gangster High,"Showbox Entertainment

",6.8,6.7,7.0,,6.3,6.8,5.9,7.5,6.4,6.7,6.4,6.6,,gangster high,film sang ho man murder man surpris sang ho soccer club film back day sang ho chang bae back school sang ho chang bae game soccer somewher els carelessli rush exam chang bae goal student team side two later engag argument two fight broken friend hong chang bae apolog sang ho approv two later clean fight ground two fight school hall two fight moment silenc four appar know four five later restaur togeth sang ho first apolog hong also chang bae reluctantli five drink togeth mark friendship walk home sang ho chang bae soccer club make see fellow student sever park nearbi student unpleas manner reluctantli student none student angrili money money either reaction student get sight two insist walk back home sang ho chang bae home chang bae sang ho student leader gang chang bae walk convers goe sang ho ask chang bae surpris sang ho appar differ sang ho chang bae sit restaur room watch news gulf war hong arriv friend sang six discuss call soccer club agre see photo wall decid choos sang ho presid club respons model student drink life school discuss better soccer chang bae smoke behind school sang ho smoke bad health tell much health suddenli hong sang torment senior four approach tell train none busi later engag fight clear soccer match night chang bae smoke near two encount coupl walk coupl sang ho cruelti back restaur sang ho competit drink sang ho take fellow two agre ra billiard club gang leader pool call anoth man man apolog man retali man man repeatedli billiard stick friend quickli quickli broken billiard stick threaten sang ho walk home talk two depart sang ho two drink club later thank sang ho tiger club soccer field later spend time karaok later chang bae friend talk club broken reveal friend sent min take care away despit relationship min talk min club sever min min told take care hole away min heavili min reaction chang bae friend come min back back billiard club friend come rush tiger club desper help enrag approach rival group find chang bae strip cloth trap angrili rush spark fight sang ho reluctantli get physic involv min object away violent sang ho min back sang ho tiger fight min gang min injur tiger say east high gang min say go let go later coupl walk group sang away rest taken polic station chang bae go mother sang ho father armi colonel pick sang ho nearbi food stand sang ho father involv next morn discuss last night hong detent throw paper air anger moment disciplin teacher detent room teacher angrili differ good write punish teacher furious wooden stick ra head hong teacher back tell stop hong teacher pretti cheap hit wooden stick teacher let go stick teacher repeatedli hong punch vicious slap time bleed head hong suddenli teacher head back teacher angrili teacher kick ground later outsid sang sang ho classroom ambul pass tiger club school hall talk teacher rush hospit hong school later sang ho meet arcad ra leav two littl argument outsid arcad sang ho sang ho buy drink sang ho leav earli go hong home sang ho bed surpris sang ho cute hong suddenli come leav hong ask sex sang ho didnt next day afternoon day sang ho night sang ho two anoth argument later fight howev chang bae sang attack gang chang bae nearli beaten death metal weapon leader sang ho chang bae tell accur repeatedli later hall violent chang bae leg meanwhil sang ho still fight tire lie dirt agre fight go hall find chang bae seriou condit next morn hospit chang bae bed tell anyon realli mother might start around night hong sang walk home see hong boy got teacher hong walk hong three park five sit silenc attack despit huge also sang ho presid act quickli next morn school bad mood king club date doesnt hurt sang ho top hospit roof top hong injur chang bae smoke sang ho come street hong sang ho see senior student day ago station eat togeth hong senior relat arcad happili three random suddenli appear hit across head go home first ring leader fight one one leav arcad three chuckl outsid ring leader worri think moment take one shot three laugh counterpart furious attack final two engag longer fight ra fight prove victor walk away student rock head student two block alley ground bleed student pocket knife suddenli two block run two run car crash three run away sang ho run hospit find injur bloodi sang ho hospit find hospit bed desper doesnt respond impl five famili bodi later burn ash school later decid attack gang togeth sang ho hong park get readi sang ho enter club back three come back two arriv late brought steel one sang ho take one four goe leav see chang bae car citi alley king billiard club billiard club call sang ho seat took call friend sang ho said someth say ill see across street bring friend wait car sang ho friend leav sang ho chang bae go sang ho wait exit car group sang ho sang ho toward billiard club sang ho thing insid club three see gang wait sang ho bring enough one gang take outsid moment sang ho back door staircas front door axe collid sang ho power despit sang ho later dagger sang ho fight prove power sang ho ground hong student smash face billiard pool hit spine steel pipe sang ho sang ho goe hong bare huge pool blood seen hong lot blood sang ho sang fight brave vicious sang beaten sever time back stomach wound axe unknown ate aliv sang ho rest gang sang ho steel pipe stomach leg billiard tabl leg broken point doesnt seem aliv sang ho seen face bloodi hong blood film sang ho jail read letter letter say doesnt want fight tiger club like gang,https://pro.imdb.com/title/tt0891562?rf=cons_tt_bo_tt&ref_=cons_tt_bo_tt,y,4
185,185,May 18,"CJ Entertainment

",7.0,7.0,7.0,,7.5,7.0,7.3,7.2,7.6,7.1,7.1,6.2,,may 18,kang min woo rel peac life younger brother kang woo min woo park shin ae friend woo daughter park min woo shi shin ae go brother woo tell sympathi brother hard next day min woo amus watch film smoke outburst came soldier beat man death everyon insid ran fear day went rampag everyon anyon park father shin ae tri find happen seek gener charg infiltr town noth could stop even gener form militia determin protect anger loss friend woo decid gather group retali goe wrong fire kill sight min woo entangl littl situat ran back town see brother shot among run crowd furiou death min woo found caught middl swore reveng even cost life,https://pro.imdb.com/title/tt0800341?rf=cons_tt_bo_tt&ref_=cons_tt_bo_tt,y,3
218,218,Epitaph,"Studio 2.0

",6.4,6.3,6.4,,6.7,6.3,6.6,6.2,6.7,6.3,6.6,6.2,,epitaph,brows old photo book park nam back japan young immatur intern doctor hospit four day strang happen brought mortuari abl rest piec three follow start revers order second day one bride arriv japan daughter hospit director nam fascin recent diseas young woman time near corps morgu face time diseas return appreci two young girl survivor car accid famili speak state shock see guilt ghost mother three serial continu marri coupl kim dong kim involv meanwhil dong wife shadow killer much could possibl imagin,https://pro.imdb.com/title/tt1124378?rf=cons_tt_bo_tt&ref_=cons_tt_bo_tt,y,0
223,223,The Worst Guy Ever,"CJ Entertainment

",5.4,5.1,5.7,,5.4,5.1,4.0,5.0,5.7,4.8,7.0,5.7,,the worst guy ever,tae best ever sinc first met ago one night year friendship come ground sleep togeth comfort secur marriag siren call two decid forego spend first day man wife howev perfect lover soon right front sexi editor seduc tae advertis director tempt singl smile turn dream nightmar even day soon find face worst choic struggl reach happi,https://pro.imdb.com/title/tt1232108?rf=cons_tt_bo_tt&ref_=cons_tt_bo_tt,y,0
227,227,Our Town,"Cinema Service

",6.2,6.4,6.4,6.2,6.0,,5.8,6.8,6.8,6.2,5.4,5.8,6.2,our town,struggl novelist violent gori murder fierc argument landladi death kill would appear like serial villag recent anxiou polic might realiz latest kill copycat murder track killer help detect friend,https://pro.imdb.com/title/tt1201168?rf=cons_tt_bo_tt&ref_=cons_tt_bo_tt,y,4
230,230,My 11th Mother,"Showbox Entertainment

",6.7,6.6,6.8,,6.8,6.6,6.9,7.3,6.2,6.6,7.5,6.4,,my 11th mother,woman suddenli hous noth nowher go empti meet round eleven year old boy woman anoth person leav put effort get know everi chanc boy woman say eat much like pig two neck neck sad histori diabet boy alreadi past blue father beat boy stop find common ground warm relationship two build slowli awar eventu separ around corner,https://pro.imdb.com/title/tt1233503?rf=cons_tt_bo_tt&ref_=cons_tt_bo_tt,y,0
387,387,The Chaser,"Showbox Entertainment

",7.8,7.9,7.8,7.9,7.3,7.5,7.8,7.9,7.8,7.9,7.9,7.7,7.8,the chaser,ho dishonest ex detect turn pimp financi troubl two gone miss one night mi one custom later person last see miss believ man goe look mi way old polic task forc ask help assist mayor guard human polic preoccupi media storm humili fail protect mayor mi wake tie dingi bathroom custom min come bag previou victim tongu cut scream much hammer drive chisel head hand later local church arriv hous inquir owner park min time finish mi elderli coupl search area park spot attempt ditch car ho vehicl alleyway ho man min someth give phone number ho custom number man min run away caught badli beaten ho collis men suspici local cop station min nine peopl mi could still aliv fraca want investig previou high profil unsolv area chief book everyon min concern beat pick media follow night mayor incid despit confess polic physic evid detain min longer order get ho goe mi apart collect match blood found suspect cloth apart mi daughter home alon reluctantli lead min home town suspect sent prison three nephew return area mi went miss follow lead ho place min live host religi draw ho away follow woman like mother camera appar deliveri driver hit run frantic search ho hospit father meanwhil time run polic offic order min polic evid secondli high profil murder time polic publicli shame accept media prosecutor polic chief arrest suspect suspici rapid confess polic vapid attempt save face avoid polit min without charg time chief arrest ho scapegoat suspect despit taken former cop polic van look mi unknown anyon mi freed hous wall garden full human remain badli injur lucid help corner shop min hous shop buy shop keeper innoc mi maniac loos take hammer shop owner kill mi undetermin time later ho street close task forc polic store polic throw everyth search min meanwhil ho bereft detect hunch local church link hous car min drive night accid stand outsid church ho statut crucifi seen room deacon lead assist park hous arriv ho smartli dress min bag leav massiv fight fish tank bodi mi eventu ho bring hammer min skull polic burst restrain former policeman ho face ground dead mi daughter film ho sit silent hospit room alongsid bed hand,https://pro.imdb.com/title/tt1190539?rf=cons_tt_bo_tt&ref_=cons_tt_bo_tt,y,4
410,410,The Guard Post,"Showbox Entertainment

",5.9,5.8,6.1,,6.3,5.9,7.4,6.3,5.9,5.9,6.3,5.8,,the guard post,guard post insid zone tour duti nobodi leav maze like concret bunker approxim fulli arm readi engag time guard vestig cold war date may group militari polic break one guard search room room look someth eventu enter larg dark room notic numer awash floor one hit someth floor find corps rest spot someon torch reveal half nake blood man breath heavili hold larg axe man laugh move disarm put custodi time sergeant major along friend armi pay last wife later car friend assign militari order head guard post investig strang incid guard post head armi son lieuten friend assign may well cost job care handl situat tell except one man axe current coma suspect investig caus come clean everyth hour later way offic boiler room written blood wall kill brought recreat room found shock amount blood around room brought unidentifi man begin comatos go bring militari hospit guard post offic bang one charg medic known doc assum command investig point onward head back recreat room search batter birthday cake blood dog tag insid name tag comatos man corpor kang later soldier sergeant comb maze like make bunker doc ship militari coron attent appar miss soldier found kang talli doc check reconfirm doc group transport kang away meanwhil struggl guard dog guard dog gone fierc allow handl one dog bite soldier arm privat cho one sent superior night check guard dog incess bark cho nois dog bark small alley find nois cho dog name round corner wit shock one sergeant face blood busili bite dog death present guard someon late person kept armori unusu one found anoth survivor insid gener room disarm man knife later man eat hungrili food given man son armi chief head howev say anyth send back base superior phone bring back despit investig yet forc end clean crew morn listen superior call goe look canteen find one went wear uniform immedi offic find tear journal back custodi gener room howev final let leav jeep anoth soldier sergeant video cam insid food storag room content birthday suddenli record written show kang strang determin intent kill platoon end howev record unabl see meanwhil doc group transport block landslid turn back kang men machin gun top guard post around accident caus gun fire north fire back kang rest platoon kang rest present person troublemak kang doesnt look like one would go insan embark kill spree journal one disappear sergeant men went one day gone miss stagger back look sick privat kim found post eerili toward fear kim ran fell injur howev rememb exactli kim men memori decid lock men one inform kim found dead wound bodi rest shaken death kang went sentri assur phone everyth fine present doc kang critic condit despit resuscit kang later jeep leav vehicl bang head window back later lock men wasnt end problem privat cho found break hand wrench order fix shower room kim incid still noth talk kim supposedli saw dark silhouett sergeant walk toward medic room went hyster point shadow turn around face shadow black medic sergeant found kim dead bed incid order confisc live ammo men present go sick rain pour outsid doc unabl find cold medicin supposedli suffici meanwhil buddi sent sentri duti dark room suddenli door behind loud bang come toward sergeant toilet strang sound one suppos sentri platoon mate death rifl butt goe inform along men rush toilet find dead soldier sign find room first went shine cloth found blood feel confus rememb anyth doc check neck find sergeant men broke radio room arm threaten kill anyon enter group said lie situat kang anoth sergeant went defus situat unabl convinc group drop struggl men one rifl kill sergeant order sergeant group men kang enough instead lock insid gener room later men intend call radio broken sergeant found lead bunker lock gener room struggl lead kill shoot head present diseas go around howev shook head doc summon open shirt find within later doc discuss present men matter diseas men present men well doc rabic like viru men make turn violent kill know infect whatev left untouch due north south know kang rest doc import diseas may spread speak later video record someth import look miss time unbeknownst driver sentri ambul look dead kang truth reveal actual part sergeant group went also sick along rest came back base kim saw dark shadow fact illus one suddenli spasm kim beat death drip pole medic sergeant found blood later advis contact tell situat want go kill someon accept thought could fix situat intend rewrit duti told dispos bloodi cloth without anyon know make report turn whose face man found gener room see man thought fact sergeant present man sergeant ambul discov sentri struggl neck rifl face bloat front unabl shoot rifl knife hand ambul driver presenc murder along men rush outsid see tri escap ambul bodi gun make lose control crash side bunker vehicl go dead sentri suddenli come back life one stand near bodi one seemingli undead corps final stop move lock tie back gener room lock unabl tell men despit medic keep truth men later room infect men kept kang answer one infect hoon death end suffer present doc bang gather men inspect due diseas doc men accord whether howev infect strip hand refus present standoff meanwhil tie gener room electr suppli temporarili black bunker infect men fire fear kill bang non infect later doc find gone goe cell know everyth learnt revolt command tell blame due mutini latter instead blame go back diseas turn surviv matter cost later soldier corps cell due face batter beyond recognit cloth soldier left dark corner without uniform mutter surviv command ident men upon learn truth anger due truth selfish want live men group die back say care die like mad dog later stare rain outsid famili photo come terribl resolut goe offic bunker leav sob corner find sergeant infect cri unknown gun head realiz grasp dead corner goe armori doc report instead cure diseas doc know thing viru would surviv open air without host die host die viru die doc go stop adam decis kang kill hand find cover leav doc without word meanwhil infect men decid deni viru ever leav arriv clean hide paint sergeant lee one infect men leav matter wake cell supposedli dead kang approach axe howev turn dead infect find door lead outsid bunker put heavi anoth soldier found dead gunshot wound lee intend fabric report kang men later went insan men mysteri diseas lee men look busi kerosen around bunker lee manag corner shower room unabl kill lee join deni diseas ever doc room rifl decid aid lee bunker give one goe hyster among men doc kill men injur doc ammo end shot death lee kill lee howev soldier left privat ground blood privat dead bodi stagger way entranc outsid new sent arriv meet men privat door bunker think final get watch horror door connect blast privat instantli explos spark kerosen insid bunker wash aflam approach bunker instantli drop ground safeti turn smoke ruin final scene kang video cam record spoilt specialist kang infect mysteri diseas sign cam chest violent attack peopl becom dormant danger end time tape found dead find later shown hold birthday cake carri bag silent walk along corridor room platoon wonder gather room tell dont time gunfir suddenli room film,https://pro.imdb.com/title/tt1064953?rf=cons_tt_bo_tt&ref_=cons_tt_bo_tt,y,3
413,413,Miracle of Giving Fool,"CJ Entertainment

",7.4,7.4,7.4,,7.2,7.4,7.3,7.8,7.2,7.5,7.2,5.9,,miracle of giving fool,ho promis pianist abroad one night stage fright never despair ho come home old classmat sung bright boy sung accid late mind six year old forget never forgotten first love ho half sung dumb mind famili younger sister take care sung front school embarrass idiot brother sang sung old friend sung innoc mind inevit world ho still slump sick sang involv bloodi disput miracul save sung way nobodi,https://pro.imdb.com/title/tt1233461?rf=cons_tt_bo_tt&ref_=cons_tt_bo_tt,y,4
419,419,Fate,"CJ Entertainment

",5.1,5.1,4.9,,5.4,5.0,6.4,6.4,5.0,5.1,4.8,4.4,,fate,insepar woo min song sang woo wan kim young drift life crime built solid camaraderi make best crimin allianc citi offer passag time look way restor innoc mark next casino last act vow walk away find new life chanc turn new leaf caprici doubl cross snowbal climact point return ruthless game greed reveng betray fate left determin outcom battl,https://pro.imdb.com/title/tt1092034?rf=cons_tt_bo_tt&ref_=cons_tt_bo_tt,y,0
433,433,Soon-jeong-man-hwa,"CJ Entertainment

",7.0,6.9,7.1,,6.8,7.1,6.8,7.3,6.8,7.1,6.4,6.2,,soon-jeong-man-hwa,altern titl pure love crush woo tae somewhat naiv year old low level civil servant work citi hall branch offic although thirti still innoc age numer unfruit blind search suitabl wife move new apart high school girl young lee way work everi morn cheer eccentr year old mother downstair one day neckti school uniform home woo lend day two meet frequent friendship time two begin develop one anoth meanwhil year old kang sook kang work branch offic older ha subway station head love melancholi woman around take still hold onto old flame look lost love everi day even though two ha new eventu prior relationship still deep start new one kang sook woo regardless live past woo hand must realiz societi present approv kind relationship schoolgirl young lead happi end,https://pro.imdb.com/title/tt1210837?rf=cons_tt_bo_tt&ref_=cons_tt_bo_tt,y,4
585,585,My Girlfriend Is an Agent,"Lotte Entertainment

",6.3,6.3,6.3,6.3,6.0,,6.4,6.7,6.2,6.3,6.5,6.2,6.3,my girlfriend is an agent,disguis travel agent govern spi six experi cant reveal career leav without notic leav struggl alon sad three later chase industri spi disguis clean ladi run becom intern certifi account see doubt becom tire constant suspici one phone call leav studi russia three later disguis distinguish intern account nation intellig servic agent oversea branch got late start highli first field mission chase crime organ shock see hotel clean ladi strong part job secreci name game agent,https://pro.imdb.com/title/tt1432078?rf=cons_tt_bo_tt&ref_=cons_tt_bo_tt,y,4
590,590,Thirst,"CJ Entertainment

",7.1,7.3,7.0,7.2,7.0,8.8,7.1,7.4,7.0,7.2,6.9,6.9,7.1,thirst,belov devot priest small town medic experi turn vampir physic psycholog lead affair wife childhood friend repress tire mundan life one time priest despair deprav turn wors maintain left human sang top star song kang ho host priest life much selflessli secret vaccin develop project meant erad deadli viru viru priest blood transfus urgent order blood infect sang vampir struggl carnal desir blood sang faith strain childhood wife tae kim come help life sang soon world sensual find intim seven deadli,https://pro.imdb.com/title/tt0762073?rf=cons_tt_bo_tt&ref_=cons_tt_bo_tt,y,3
639,639,Possessed,"Showbox Entertainment

",6.2,6.2,6.3,,6.4,6.2,5.8,6.5,6.6,6.2,6.2,5.9,,possessed,colleg student current news year old sister quickli home look miss sister meanwhil mother daughter return veteran detect tae becom involv case first take serious believ runaway anoth person mi roof note apart secur guard apart resid reveal possess ghost detect becom confus news shortli later mi found dead tae mi church miss girl mother secur guard found dead meanwhil mother pray silent dead peopl,https://pro.imdb.com/title/tt1535472?rf=cons_tt_bo_tt&ref_=cons_tt_bo_tt,y,3
678,678,4th Period Mystery,"Lotte Entertainment

",6.1,6.0,5.6,,6.2,6.0,6.2,5.9,6.1,6.1,5.2,5.9,,4th period mystery,student school hoon ho discov scene crime da kang ra result two form team uncov murder must end fourth period hoon dilig hard work student meanwhil da often curtain girl often crime two prior class student froth mouth class rush forward aid da seen take crime later shown gossip student away tae rival photo girl without permiss fight hoon leav serv detent rest class goe two left alon hoon leav go bathroom bodi tae repeatedli stomach da result two band togeth discov murder end fourth period everyon find bodi soon may discov kill prevent discov,https://pro.imdb.com/title/tt1810510?rf=cons_tt_bo_tt&ref_=cons_tt_bo_tt,y,4
749,749,The Man from Nowhere,"CJ Entertainment

",7.7,7.9,7.9,7.8,7.3,6.7,8.0,7.9,7.8,7.8,7.9,7.6,7.8,the man from nowhere,oper pawn shop small neighborhood cha tae quiet life connect rest world littl girl nearbi heroin addict mother drug organ tae product without knowledg find kidnap mi gang number tae pawn shop retriev stolen easili tae make ident ambigu howev upon learn gang possess mi tae beaten gang look realiz tae may serv better mule former thug lead gang man promis releas mi condit tae make deliveri tae decis face outsid world order rescu mi howev deliveri part plot elimin drug ring superior oh tae time bodi discov back car use tae made deliveri tae life may also danger half dozen polic station escap polic bewild tae display power combat agil black oper agent govern numer agenc pregnant wife front connect hit truck insid car incid nearli drove mad henc went realiz head tae encount highli train assassin knowledg use ant organ secretli smuggl futur might organ tae goe mad kill hunt spree locat save connect world gore battl ant drug locat abl free kill younger posh unit rest kill tae went mad contain roll toward believ final stand assassin tae win fight kill last hoodlum park lot tae resign fate shoot dirti dark save assassin took kindli instead surgeon accomplic contain tae saw polic escort end tae togeth back car tae small conveni store surpris owner got shock upon see polic line around realli big time tae fanci star fanci school stuff much delight tae hug embrac could stop fell batter face,https://pro.imdb.com/title/tt1527788?rf=cons_tt_bo_tt&ref_=cons_tt_bo_tt,y,2
753,753,71: Into the Fire,"Lotte Entertainment

",7.2,7.3,7.8,7.2,10.0,7.5,8.1,7.5,7.8,7.2,7.1,7.0,7.3,71: into the fire,film base true stori group undertrain student south war mostli august battl dong dong middl school strateg point river attack overwhelm north,https://pro.imdb.com/title/tt1587729?rf=cons_tt_bo_tt&ref_=cons_tt_bo_tt,y,4
760,760,The Housemaid,"Sidus

",6.4,6.6,6.5,6.4,6.0,6.0,6.4,6.2,6.4,6.4,6.6,6.6,6.4,the housemaid,middl age divorce hire upper class famili housemaid soon enough master hous hoon advantag social posit slip hoon becom frequent old housemaid affair ra mother mi give ra control husband soon miracul becom pregnant keep babi discov famili forc abort mi despit plea let keep babi leav hous mi plot hoon child even child illegitim forc abort turn mental condit worst take matter,https://pro.imdb.com/title/tt1314652?rf=cons_tt_bo_tt&ref_=cons_tt_bo_tt,y,4
764,764,I Saw the Devil,"Showbox Entertainment

",7.8,7.9,7.6,7.8,8.3,7.3,7.7,8.0,7.6,7.8,7.7,7.6,7.8,i saw the devil,danger psychopath pleasur infern serial diabol way one even imagin rang young even polic long time unabl catch one day daughter retir polic chief becom prey found dead horrif state fianc top secret agent track murder everyth power take bloodi vengeanc killer even must becom monster get monstrou inhuman killer,https://pro.imdb.com/title/tt1588170?rf=cons_tt_bo_tt&ref_=cons_tt_bo_tt,y,0
773,773,Midnight FM,"Lotte Entertainment

",6.5,6.5,6.7,6.5,6.0,,7.1,6.8,6.4,6.5,6.4,6.1,6.5,midnight fm,live radio program must save famili,https://pro.imdb.com/title/tt1825955?rf=cons_tt_bo_tt&ref_=cons_tt_bo_tt,y,0
774,774,Hello Ghost,"Next Entertainment World

",7.6,7.5,7.4,,7.7,7.6,7.7,7.8,7.8,7.6,7.1,6.7,,hello ghost,sever suicid sang man tae cha wake hospit abil see hear four chain smoke taxi driver chang ko woman constantli young nam pervert old man moon lee elementari school boy bo sang man keep follow around consult fortun teller help find closur agre leav alon sang man ghost occupi bodi interact live world sang man fulfil last help find reason live,https://pro.imdb.com/title/tt1848926?rf=cons_tt_bo_tt&ref_=cons_tt_bo_tt,y,4
781,781,Death Bell 2: Bloody Camp,"Next Entertainment World

",5.1,4.9,4.9,,5.4,4.8,5.7,5.3,5.3,4.8,4.9,4.2,,death bell 2: bloody camp,film swim meet best friend lee cheer come first third place taken crowd pose pictur scene two later pool member swim team goe practic swim pool suddenli drag underwat mysteri black smoke corps like figur stare back school middl final tire real attempt test sever nose bleed teach assist miss park let go nurs teacher cha let go test swim team practic get leav quit team coach studi hard order get good colleg swim fall back swim pool male student swim team bath miss park class evalu caus laugh teach pass around photograph miss park anoth teacher look like sex hold pictur kim known among read textbook miss park hand pictur becom embarrass rejoin studi group milk carton milk instead drench cha return desk handkerchief dri cha top thirti school enrol summer cours still school summer break start tomorrow shown enrol program despit lower mother know put class say quit swim get involv mother give school money first time order get summer program summer cours home piano behind teas intens studi play someth piano play see becom rot cors complet hollow eye drip blood wake sleep desk turn behind piano bench empti water seen summer program next day run speak speed motorcycl rest trickl kang princip class cours competit highest see miss park cell small nude figurin wrap bondag along phone lunch sex night absorb flash pay attent apolog milk incid even miss park cha left supervis kang leav person lock noth could go wrong dorm anoth friend numer pill anoth girl saw ghost swim pool becom upset leav sens humor someon death bathroom hallucin hair grow rapidli bodi blood ceil swim coach goe shower nois come room go coach fumbl around sudden burst light scream thrown wall meet spot pin wall someon wear mask mask begin make outsid kang lock leav hallway begin flicker miss park fallen asleep clock midnight school bell wake someth written blackboard innoc mother son aveng wake find blood drip onto forehead bodi suddenli ceil hang rope foreign sewn face pa system turn male voic die must find answer kill order leav school aliv suddenli impact edg desk find lock hallway turn show lay middl differ school hallway wake unconsci mysteri figur hallway motorcycl proce run repeatedli dead panic come kill everyon cha tell dead beg let kang miss park take back classroom goe tri find work telephon cha cut also wireless signal classroom discuss reveal suicid school swim pool male student get aggress anoth student behind threaten beat crawl even pen get rid stop get slash face pen foam mouth blood take mean someon switch medic riddl saw board come answer riddl queen mother king cha enter classroom right male student becom aggress cha involv cha student student return blow go cha flashlight everyon stay togeth go goe mainten room miss park dorm room photo still hang bedroom first time spoken sinc suicid confus live scene miser father sit restaur meet father new fiance first time daughter excit class next semest one step present time cri say guilti nasti way angri never told step even though late hallway bang dorm room door beg someon let door room sever like one gave miss park nude bondag year sat next lunch school trip blanket clearli uncomfort leav hallway beg stay around time male break one grab box spray paint mainten room cha two turn power back gener come well turn weapon cha miss park separ cha wander alon anyth cha nobodi whatev mention one person involv mysteri incid shown sit class pictur phone dead girl around smile later time set pictur turn packet unknown side cha shown cell phone tell someon line longer back school cha carri hammer trail blood school darkroom sit desk head cha hammer attack find alreadi dead cha wall cover run pool area one night larg inciner unseen forc insid door shut school bell turn show dead bodi cha lock darkroom inciner hurri darkroom get see inciner time lock code word sever around room wall code begin name featur code memento input code inciner turn cha aliv cha death sewn face mean forget slide beaten dead wall memento never forget mortal pictur well realli commit suicid tell truth next pictur everyon around darkroom dead except miss school left darkroom miss park next die one student studi school late one night break bottl whiskey locker get drunk convers turn sex still virgin spi gym wash swim pressur rape watch laugh tell polic father prosecutor polic make look like fault towel go back swim hair head shower knob shower floor dead back lock school miss park accid turn polic everyon set free miss park decid reveal truth miss calm face realiz involv hidden figur wander look turn show miss park seat front microphon must rememb everi action come respons follow ten phone signal lock safe auditorium cell phone use call help time sever head auditorium three head studio miss park studio miss park stare microphon man stand besid hand shoulder good anoth two mysteri man text break cell answer phone lay ground besid pool involv death seen run away pool taken pool dead bodi float water perform conscious long enough speak name die swim coach pool area cha date troubl maker slut confess hear offic talk father father money polic free hand shown climb bu murder later sister reveal miss park brother insan asylum envelop presum murder continu piec string around finger sister seen find anywher back school sister leav handl rest leav goe cri beaten group come find auditorium tie noos someon key end rope key open safe cell phone tri unti tri keep aliv end hung key use open safe grab phone spare signal get downstair school fire run auditorium tri escap creat larg bomb spray paint taken lock gate lead school throw lighter make explod explos gate leav school ground miss back pool edg dive board time teach swim behind seen heavi chain attach weight part death anoth shown fetch food rest studi group come rape either stay watch leav leav school cri edg dive weight chain wrap around ankl choke underwat get chain around ankl ghostli corps ankl anoth shown pool talk go beach flirt men appear take along water laugh unconsci ghost corps slowli becom less chain ankl step sister bodi top pool pleasant happi pool past togeth ghost swim togeth hand hand pictur pool water screen black shown reviv someth behind turn imag face black,https://pro.imdb.com/title/tt1703938?rf=cons_tt_bo_tt&ref_=cons_tt_bo_tt,y,4
907,907,Silenced,"CJ Entertainment

",8.0,8.0,8.3,7.9,9.0,8.3,8.4,8.2,8.2,7.9,8.1,7.6,8.1,silenced,base true account took place school hear south princip faculti begun sexual molest abus sever hear school close consecut though may want accept time face horribl inhuman truth kang ho gong newli art teacher benevol academi school hear fiction citi north provinc dark past wife suicid year ago sick daughter care mother excit teach new yet aloof distant tri avoid run much possibl ho give howev tri show final open ho shock ugli truth school endur secret physic sexual fight expos school ho human activist mi soon realiz school princip even polic commun actual tri cover truth addit former post ye accus hesit lie bribe way get light,https://pro.imdb.com/title/tt2070649?rf=cons_tt_bo_tt&ref_=cons_tt_bo_tt,y,4
912,912,Sector 7,"CJ Entertainment

",4.5,4.9,4.7,4.6,1.0,5.0,5.1,4.8,4.4,4.6,5.0,4.6,4.6,sector 7,someth sea southern tip island eclips offshor drill rig sector mine area vast open sea southern tip island oil drill end failur headquart order withdraw captain man sent overse withdraw eclips howev equip manag ha oppos headquart order certain oil discov sector convict find oil captain one last drill exercis crew fulli engag final attempt lose commun headquart crew disconcert feel someth begin disappear one one surviv need think fast fight non stop battl mutant monster sea surviv unlik crew determin take chanc get sector aliv,https://pro.imdb.com/title/tt1934381?rf=cons_tt_bo_tt&ref_=cons_tt_bo_tt,y,3
1302,1302,Deliver Us from Evil2020 Final Cut,"CJ Entertainment

",6.8,6.8,6.8,6.8,8.5,,6.9,6.7,6.8,6.8,6.7,6.6,6.8,deliver us from evil,nam assign japan kill mobster young daughter min school fetch school real estat invest golf cours later min school bu husband car away instead go home min went miss young polic chun sung get nam help nam next morn nam messag chun sung young dead ago known nam part nation intellig agenc alongsid chun sung young nam nam instruct leav without present day nam see young bodi subsequ min child visit chun sung nam call ray younger brother seek reveng involv murder ray subsequ chun sung nam head find min suit bangkok nam young bae brief real estat agent young met death set min nam inform leav die meanwhil ray gang lie nam home husband get inform min young bae woman nam assist nam head build child oper meant organ two know min alreadi left build provinc heart transplant surgeri ray build final nam fight nam eventu one child build also polic night polic build crimin boss lan men kill nam nam leav meanwhil polic nam gone nam min taken away footbal factori surgeri nam chase ray kill polic shoot nam gunfir involv surgeri min away subsequ bust night ray lan home help get nam ray young bae next day nam min check hotel secur escap rout two hotel men way back room ray sever men alreadi insid min kept luggag ray men mind men bring nam somewher els wait settl min first nam taken van van pickup nam chase ray car fight grenad caus seriou nam min take min run away brutal ray anoth grenad insid kill nam left bag cash locker hope take min panama place case min left panama settl photo frame panama hous photo nam photo young min side side,https://pro.imdb.com/title/tt12763920?rf=cons_tt_bo_tt&ref_=cons_tt_bo_tt,y,4
1436,1436,Train to Busan,"Contents Panda

",7.4,7.7,7.8,7.5,7.3,7.9,7.9,7.7,7.7,7.4,7.9,7.4,7.6,train to busan,truck toll booth sever clean area truck driver toll booth assur noth wrong area small leak nearbi nuclear plant toll booth distract ring phone accident doe scene back truck howev doe stagger despit crash turn reveal infect meanwhil woo busi fund manag bare time daughter let alon divorc stress day work accident birthday present last year visit mother woo initi reluct due work mother otherwis show video sing oe school recit sing middl song attend due work guilt woo next train bound next morn earli morn woo station nearli crash oncom hord polic woo could go car window ember hand woo notic burn build distanc someth bad go station regardless board train also tough work class husband sang pregnant wife high school basebal team rich selfish yon pair elderli homeless man awar zombi situat train leav young woman train enorm bite wound leg outsid train station manag leav notic group peopl top station scream someth unseen window manag quickli rabid human frighten go bathroom lower train attend come across infect woman resuscit woman complet transform zombi onto attend neck basebal team car panic two fall floor two proceed attack basebal team hord process four escap basebal player crush two unnam race toward upper infect everyon path unwittingli toward lower look bathroom woo miss seat call violent around soon enough group panick lower rush past seat scream run realiz may danger woo opposit direct stand right front oncom hord hord woo success compart barricad nearli lock sang process struggl barricad door realiz know open mere charg sight water cover situat caus think conductor intercom train go stop station inform militari yon compani situat woo forcibl privat call pick separ train abandon station woo toward east exit pick go toward main exit homeless man woo phone call three go hallway see soldier distanc reliev woo stay toward soldier help see injur soldier help hord infect round corner consum rest head main exit toward bottom escal see larg group uniform men realiz infect deploy sever eaten infect scrambl back escal back station woo still insid station concours face run sang rush back train platform sang hord woo two basebal manag lock exit door run train two infect reach platform meanwhil yon success train also board glass bridg train onto platform one separ forcibl drag aboard compart run opposit direct homeless man barricad insid bathroom one lower infect woo sang success get onto safe compart sang wife trap bathroom unwil leav die three begin fight lower rescu process discov blind dark react sound use advantag manag rescu run togeth toward first compart yon manag head toward compart happili react hostil decid lock door compart prevent group enter door lock break open woo sung struggl keep enter side realiz enough time sung woo take care wife leav behind distract woo tear go door drag toward door sung tell wife name chose unborn son lock door broken pile compart safe second door insid compart close although fast enough eaten realiz sung could well group door woo angrili yon know thing unwil answer yon woo alli infect fear insid initi group door forc woo group compart hallway compart conductor car forc yon use tie knob prevent come back still silent see sister die needlessli face crowd door window infect sister live long life compart group led sister death anger defeat door flood safe compart insid hallway watch group eaten insid compart see desper door cruel twist conductor radio notif hold zombi infect howev approach station train cut debri track conductor train speaker find anoth train unblock track drive follow luck exit train surviv cross zombi fill cockpit empti path success cargo train go track toward search woo exit train unbeknownst yon hord compart bathroom also conductor announc way compart sever continu chase meanwhil woo group make way cargo train suddenli burn freight car toward group runaway freight nearbi train path go one next train cross side door yon zombi follow yon car behind sacrif zombi zombi ground cradl arm yon pri door open toward cargo train turn cri fate like tell felt fulli turn face throat yon toward cargo train ankl one follow bite ankl conductor car help yon asid like conductor help train alon meanwhil homeless man woo side wreckag trap train full train threaten collaps moment woo open train climb part train hole three make impact also window small group tumbl crawl toward three howev homeless man last minut enough time woo pull debri away escap run toward cargo train get outdoor platform woo cockpit away yon conductor seat milki eye infect initi door yon spite zombi infect brain yon woo take home speak like littl boy address name mother woo infect yon momentarili weep within fulli turn woo struggl yon nearli ledg car side car platform yon attack howev woo hand sever bitten throw yon car injuri awar turn soon cockpit use get station leav car stay day recit finish sing oe see woo audienc save song father two tear farewel woo small moment throw asid lock cockpit scream cri come back infect woo toward end train car bloodi hand cri insid cockpit hold back slowli back train car fight infect think infant happiest cradl hold small cockpit infect hold go white go dark howev spite fulli woo think happili toward sky fall car onto left ambigu whether due bodi car act suicid keep safe train car final tunnel lead station howev track block debri two exit car begin walk tunnel awar watch side militari one approach superior told shoot tell dark whether infect sniper pull trigger mourn sing oe ralli exhaust walk end tunnel hear song realiz infect rush aid,https://pro.imdb.com/title/tt5700672?rf=cons_tt_bo_tt&ref_=cons_tt_bo_tt,y,2
1440,1440,The Handmaiden,"CJ Entertainment

",8.0,8.1,8.1,8.0,7.1,8.3,8.4,8.3,8.1,8.0,7.7,7.8,8.1,the handmaiden,part prior world war film local woman sook move away home move estat heiress ladi sook taken long ride larg estat countrysid woman tour ground annex furnish librari sook told wont sleep quarter near ladi hous handmaiden sook ladi often read master uncl sook room across ladi bedroom left alon sook peek room loud nois back tini cot later night sook hear ladi scream bedroom nightmar sook aunt hung big cherri tree moonless night ghost branch sook good handmaiden ladi feed sake sing sook us voic think handmaiden realli sook pickpocket rais woman steal commit see hous abandon japan man hous interpret way job high japan annex marri daughter nobl mansion fill librari hold rare auction need sell want lose possess hire man tell stori creat convinc count japan collector wife sister wife niec still aliv employ perform book uncl orphan woman rich million yen cash yen man count make fall love marri hell declar insan lock madhous thu fortun sook work handmaiden persuad fall love uncl also marri money sook convinc marri count hell give yen jewelri sook yen sook goe estat meet staff convinc hire work staff steal prank make look bad amaz see beauti ladi sook refer letter last woman work realiti forgeri man count written sook read write told sook letter maid like pair presenc littl note absenc much distress ladi headach read uncl sook read sook memori like spoon final illiter even read ladi said care sook ever want lie sook pictur mother beauti sook count say face bed first attempt plant seed relationship ladi sook leav go read practic shell alon sook goe see cloth shell inherit woman lock ben wa tri rope hatbox sook goe outsid cherri tree ladi aunt said hung sook ladi read librari uncl approach told go past snake gate roll close lock statu snake ground boundari cross back room sook ladi give lollipop use help associ bath time sweet ladi one teeth sharp sook thimbl shave two exchang sexual energi go sook ladi nake count estat help ladi handmaiden run errand sook count discuss plan privat sook ladi wont take hint sex even count sook put head ladi much happier sinc also gift send along sook gift sapphir sook excit ladi sent away madhous also ladi actual spinel ladi sook dress new experi sook ladi look sapphir button sexual way sook openli long touch sook ladi marri uncl rais know need access money one day eventu put entir librari auction cant afford count ladi tri flirtati sook feel sorri ladi sook peach ripe signal start convinc ladi fall love count leav sook ladi grown sinc ladi realli convinc ladi sook person convers ground ladi mother childbirth like punish born sook heart babi guilti born mother would probabl happi given life ladi count ladi away send sook run alon want leav ladi count sook grab ladi mount count terribl jealou sook anger ladi night bell rang sook ladi bedroom sook greet got back read sook obvious still bitter ladi fall count simpli fell asleep ladi feel nightmar come sook sleep bed sook count elop uncl leav visit gold mine ladi without mother never told men want sook kiss make love context show like love count two end sex first time simpli instruct although seem love next time count paint ladi sook find anoth job sook suit short say job except look ladi outsid ground count sook help plan sook crotch feel much fortun go let sook tell pickpocket return tell sook shaman sook cant return home empti hand provid peopl taken sinc littl girl sook say ladi one earth shell close like clam ever put hand tini joke cock sook plan accordingli tell ladi ladi fall count ladi fallen love somebodi els nonetheless ladi marri count sook go japan count leav estat visit mine count leav secretli sneak ladi soon uncl gone leav count sook ferri japan count marri next morn sook room blood lost virgin count two togeth look sook end week count miss gone certifi marriag convert inherit cash sook take virgin leav alon hurri throw madhous two men arriv hotel ask sook treatment would suggest sook confin place one harm harm group town stop mental hospit sook tell countess go look end sook take madhous countess wrong woman count noth defend sook part learn back stori ladi littl girl put medal mouth reminisc ben wa hit repeatedli handmaiden talk back brought room told ogr outsid room burst smother ever aunt also photo mother seen show sook aunt read end graphic teach like peni vagina uncl come suffoc go see young slap servant say bad speak uncl touch lunaci got mother tri teach get sent mental hospit train taught read book collect reveal explicitli sexual young graphic stori uncl lack articul see adult ladi read sexual explicit back day aunt hang stare meanwhil continu book graphic also materi audienc whip wooden puppet ceil one lost valu sexual explicit illustr nobodi buy book illustr necessari depict alon could man count involv hire uncl estat except one uncl engag go easi train shell dead insid count ladi talk dinner tell lie son spent three learn paint would access possess father inherit smart met anoth deal suggest hell rescu uncl split money want marri anyon kill money would go pervert uncl find take basement peopl brought young girl aunt count highli concentr opium ever caught three make sleep five knock kill plan find handmaiden send madhous name get rid old one caught sex count see sook arriv perspect sook peek room wall sook undress bed get sook come nightmar letter count tell show sook cloth everi opportun sinc part receiv help wont abl read letter read illiter henc sook read recommend loud knew read also goe outsid steal sook shoe say away shell throw next see sook bath fix tooth see invit sook join tub sook count wrote letter warn sook would pretend fake actual keep get suspici occupi sook task tri convinc marri fall love easili sook dress also sook kind toward lose mother childbirth lead feel companionship toward sook count realli like toler go along plan sook around angri watch flirtati exchang count hear openli dislik sook becom jealou away run sook back find mount count ground see stage pose convinc fall love see give sexual literatur men ben wa men applaud next see scene sook sex pretext pleas man sex scene extend graphic show take turn oral pleasur cunnilingu well finger well grind sook natur sex day two later count ladi tell sook shell close like clam ladi bad sook lock madhous sook said ladi dens know someon sex even true sook said earli fulli ladi companionship tri hard go along plan despit attach howev enough upset ladi convinc sook realli room sook still marri count even ladi someon els sook ye room rope sook found hatbox goe tree aunt say never born meant believ sook sent madhous despit fall love hang tree fall sook hold immedi everyth tri trick marri count go send madhous sook worri sook name sinc pretend handmaiden plan send sook madhous sook home woman rais thief chang need help forgeri uncl away visit gold mine ladi basement mean ever punish tortur like done famili gone sook final abl explor librari uncl collect pervers sexual literatur offend forc read indoor underneath two final free elop see run laugh cut sook put madhous instead sad seemingli unaffect hungri part three count dine nice restaur plan work meanwhil sook hyster eat dinner mental hospit photographi studio count replac sook photo id take ident declar mental institut recoup inherit without caught uncl count might actual like get marri stolen sook ident whether remors lock sook madhous alon fate madhous fire set sook escap back hotel opium count gave wine glass kiss sex wine glass hell follow suit kiss kiss still drink wine final glass transfer wine mouth realli aggress toward sexual read loud like taken forc harm opium wine wake taken two somewher town sook sook taken pictur dress man forgeri replac photo count id take ident letter uncl tell count tri impress actual son uncl gift also tell count outsid woman taken forc uncl man pretend count basement cut paper trimmer count cigarett two go train station uncl travel togeth tri leav town go undetect two way buy ticket nearbi citi chang shanghai pay differ current disguis man seen two anoth see count realli take virgin broke hymen butter knife result blood sook saw next morn present day uncl niec wed night pervert fascin young niec simpli money graphic whether touch vagina whether vagina mani look vagin secret old man dirti count cigarett help memori uncl count cloth two made ferri rid fake mustach safe en rout shanghai meanwhil uncl count underwear bleed lose tortur continu count fill smoke uncl count air effort kill final scene sook stateroom ship travel new home free undress kiss long sexual experi sex time clearli affection love put ben wa insid final shot steamer ship sail away night,https://pro.imdb.com/title/tt4016934?rf=cons_tt_bo_tt&ref_=cons_tt_bo_tt,y,1
1470,1470,Like for Likes,"CJ Entertainment

",6.2,6.5,6.5,,6.7,6.5,6.4,6.9,6.4,6.5,7.8,6.1,,like for likes,notori shrewish drama writer wave star fight like dog everi time meet spinster flight attend landladi nosi chef tenant build sens camaraderi relationship virgin compos secret admir scatterbrain produc cash land love,https://pro.imdb.com/title/tt5358570?rf=cons_tt_bo_tt&ref_=cons_tt_bo_tt,y,4
1495,1495,Seoul Station,"Finecut

",6.2,6.2,6.2,6.2,5.5,5.9,6.3,6.1,6.2,6.2,6.2,6.2,6.2,seoul station,take place around station homeless man sourc zombi apocalyps young runaway woman must tri surviv world dispos stori around two main father runaway daughter sun discov becom prostitut zombi epidem sun run away former life brothel good noth pimp sun due money fight two separ caught chao station sun polic station becom trap group within jail cell realiz surviv policeman cell bitten meanwhil custom locat two go sun home find landladi becom zombi polic station bitten offic backup infect one offic unconsci offic anoth survivor cell help infect away sun old man escap cell get ambul old man en rout hospit mani bite wound appear come take wheel driver vehicl crash sun old man flee subway outsid station sun convers infect two save realiz quarantin riot polic learn consid crisi insurrect fight quarantin slowli succumb grow infect peopl speech poor posit societi old man lead revolt quickli gunfir throw crowd panic infect consum sun abl escap sun way empti showroom locat fall asleep sun father rather previou pimp argument attack knife instead sun flee bed rape conscious frantic sun foot infect sun camera past dead infect overrun quarantin,https://pro.imdb.com/title/tt3845670?rf=cons_tt_bo_tt&ref_=cons_tt_bo_tt,y,2
1590,1590,A Taxi Driver,"Showbox Entertainment

",7.8,7.9,8.0,7.8,8.2,7.7,8.0,8.0,8.0,7.8,8.1,7.6,7.9,a taxi driver,movi kim man way colleg mani peopl tear grenad fire ungrat pregnant woman hospit request goe home daughter wait dinner togeth meanwhil german report peter talk go see happen word said upon hear get kim quickli armi guard trickeri manag get despit kim armi seal arriv see truck peter talk send talk welcom kim away find extrem worri tire old ladi hospit son peter peter kim taxi angrili away kim peter money gave kim kim peter come also along refil ga peter kim go build peter film peopl soon armi anyon way everyon run despit kim tri pull peter away stay watch run armi manag escap kim taxi meet tae sool kind heart driver fix car peter kim money fix kim money away two start fight kim car go hous eat newspap print realli boss everyon insid kim peter everyon els blast go univers burn fill smoke despit peter armi peter cap goe pick taken hostag someon armi shoot give record go go hear gunshot tell go next day kim leav leav tae sool new licens plate take phone call eat kim goe back find dead peopl hospit soon peopl realiz anyon tri save wound would shot kim tae sool sever taxi manag save tae sool leav reluctantli kim peter leav find anoth militari guard kind leader go go someon get open fire taxi somehow kim peter surviv truck arriv destroy taxi tae sool taxi come distract despit die kim peter safeti know govern shut peter flight next day peter peter camera clip soon futur peter give,https://pro.imdb.com/title/tt6878038?rf=cons_tt_bo_tt&ref_=cons_tt_bo_tt,y,4
1610,1610,The Villainess,"Contents Panda

",6.6,6.7,6.9,6.6,7.0,6.0,7.0,6.8,6.8,6.6,6.8,6.5,6.7,the villainess,open scene movi unnam highli skill train femal assassin hallway numer peopl gun room boss park boss combat abil howev make escap surround grim smile assassin shown room unnam facil given plastic surgeri show unnam man mustach tri resuscit breath hold exercis call sook facil turn part south intellig agenc run woman sook sook sook give new start agenc death sook given new ident name care die sook pregnant sook deal train agent work agent freedom servic train birth daughter still facil procedur remov tattoo shoulder happen unnam man mustach give shoulder tattoo year old sook anoth see year old sook highli skill train assassin tri kill unnam man yellow teeth sook beat unnam man yellow teeth kill father eventu unnam man mustach unnam man yellow teeth sook see sook year old train load pistol unnam man mustach unnam man mustach young sook devot life assassin sook folder first assign target see young girl year old sook see father sook bed get look killer face whistl eeri tune man come back room shown person chun unnam man yellow teeth chun friend sook father father stolen diamond chun sook prostitut ring sook forcibl prostitut client unnam man mustach learn name lee sang learn came sang train sook kill machin devot first assign facil continu work agenc apart daughter unknown sook male agent apart besid apart name befriend keep tie tie gave sang reveal sook sang gotten marri learn marriag sang sook learn sook let go thirst reveng get marri live normal life sang train assassin would longer much use act wed peopl attend wed honeymoon save gang member chun mo death sook dead mind goe kill rampag whole gang behind sang death sang sang sook rage sheer gang match open scene movi mission togeth min classmat facil caught steal phone fight min phone chun mo agenc worri sinc knew may doubl agent closer togeth live apart agenc figur next target agenc assassin wed compani arrang wed stori agenc peopl attend wed wed gown rifl window target rifl scope sang kill still aliv sang locat come sook wed contact verifi actual convers agenc convers actual undercov agent turn agenc agenc custodi meanwhil sang gang tell sang phone fact sang daughter kill stop sang care littl girl kill exchang life fight gang unconsci left littl girl bomb sang rescu agenc custodi apart bomb goe daughter die work agenc goe confront sook sook news found chun unnam man yellow teeth got know everyth interview surveil tape sook tape reveng sang gang park garag gang garag sang could privileg made let show made lee sang street gang speed passeng bu bu bu bu final axe sang head head whistl eeri tune axe sang head walk wreckag polic surround grim smile,https://pro.imdb.com/title/tt6777338?rf=cons_tt_bo_tt&ref_=cons_tt_bo_tt,y,2
1730,1730,Gonjiam: Haunted Asylum,-,6.1,6.4,6.5,6.2,5.8,4.5,6.5,6.3,6.4,6.2,6.3,5.8,6.3,gonjiam: haunted asylum,two teenag record explor abandon psychiatr hospit rumor director hospit went miss two head room intens care unit one tri open door suddenli hear ping pong ball broadcast abruptli see news disappear ha owner channel horror time explor build well ha togeth group six peopl three ah three sung hoon live broadcast explor hospit goal reach one million group hospit set equip ha stay base camp road control broadcast rest group find underwear tie tree marker upon break holi water small dish record director offic find group photo staff explor laboratori find doll team ritual invit spirit becom set start shake howev reveal stage sung hoon unbeknownst four way attract go back lab find doll group discov doll one group photo ah tri open door room four explor group treatment room see mani strang hand insid hole coffin hand howev hand actual wound claw like scratch group disturb decid leav ha footag six stand togeth becom unsur six shot walk back base camp end caught illus encount underwear marker goe tranc suddenli open black sclera room corner doll lab nake man front dark sung hoon see push basement everyth room float conscious sung hoon ah still drill open door suddenli ping pong ball toward scream insid infra red flash sensor presenc door screen goe dark sung hoon ah find trap dark room exit stand knee deep water numer appear three panic possess one dark ha lose contact team goe investig drone upward see someon window howev illus person window turn see director bodi float ha death conscious strap slowli room variou gibberish live broadcast drop broadcast fake epilogu dish holi water boil holi water effect repel,https://pro.imdb.com/title/tt8119752?rf=cons_tt_bo_tt&ref_=cons_tt_bo_tt,y,3
1843,1843,Memories of Murder,-,8.1,8.1,7.9,8.1,7.0,8.8,8.1,8.4,7.9,8.1,7.7,7.7,8.1,memories of murder,two found ditch near field local detect park man dealt seriou case key evid improperli collect polic investig suspect forens technolog near non exist park way eye contact scar mental handicap boy ho town question first eye contact method instinct think respons park partner cho beat secretli record talk one tae detect assist howev park clash get fight parti weak scar abl commit elabor crime clear name realiz killer raini night wear red femal polic offic local radio station alway play particular song night park search killer noth latest crime scene park cho arriv investig differ way local man woman red lingeri cho accident twig man run chase crowd find way get everyon attent park man first see bend partial red lingeri underneath pant despit alreadi eye contact method cho apprehend park cho continu tactic brutal beat man survivor killer trace around local school help upon learn survivor killer notic soft clear man rough lost suspect park song murder realiz arriv late find anoth woman park cho decid work togeth upon autopsi latest victim discov like peach bodi schoolgirl possibl suspect help put band aid injuri waist follow trail factori worker park area short time first murder track song sourc alway say never lie radio station address initi unabl pin anyth howev soft like survivor show discomfort found killer question cho control superior ban interrog room park listen confess previou murder someon els realiz knew murder go father restaur discov drunken cho peopl make fun cho everyon restaur brawl fray swing wooden board cho leg accident pierc rusti nail park chase question frighten path oncom train hit park cho leg rusti nail tetanu leav park feel guilti gotten partner best friend discov trace semen one lack forens technolog sampl sent unit confirm suspect killer evid follow chanc night park forest watch unknown figur younger girl instead next morn bodi discov band aid waist schoolgirl investig enrag loss final flow snap interrupt park regard semen sampl howev state sampl match lie murder park eye contact method suspect draw unlik shoot suspect park go end remain unsolv visit crime scene later park man businessman littl girl scene recent anoth unknown man normal face littl girl man look ditch told someth done long time ago film park realiz straight camera seemingli eye contact method spot killer among audienc,https://pro.imdb.com/title/tt0353969?rf=cons_tt_bo_tt&ref_=cons_tt_bo_tt,y,0
1846,1846,Oldboy,-,8.3,8.3,8.2,8.4,8.2,8.8,8.3,8.5,8.3,8.4,7.9,8.0,8.4,oldboy,film silhouett man hold onto rope like object neck tie one man dangl anoth edg build man hold neck tie oh dae min man hear stori movi backward year dae businessman wife daughter daughter fourth birthday pick polic drunk disorderli sever peopl polic station show angel bought daughter final old friend phone booth talk dae daughter wife kim dae unidentifi peopl dae next privat prison shabbi hotel room kept two word hold food small hatch bottom door unconsci whenev becom suicid need access room maintain cut hair contact outsid world televis one day wife daughter sent foster prime suspect took blood presum left enough evid crime scene implic perpetr togeth continu captiv dae slide near mad violent get grip saniti determin captor dae sever autobiographi prison diari list everybodi could possibl wrong past unabl figur would hate profoundli imprison like year tattoo arm everi year train shadowbox punch prison thick form one fri turn extra metal chopstick slowli dig hole one next ten work current enough glimps outsid world need anoth month make hole larg enough escap night ladi wake unfamiliar surround abruptli dae set free build place went miss new suit cloth prison bright afternoon light anoth man sit edg build small dog first human fifteen oh dae taken aback unabl proper convers learn man suicid dae even though better beast right live jump edg oh dae neck tie save death dae man delay death tell stori scene point movi stori oh dae build despond man plea listen stori turn leav front entranc suicid man car behind dae kill pet dae wide smile laugh world weep weep alon direct quotat first line wheeler famou poem solitud throughout movi oh dae quot mantra whenev horribl wander street citi dae know new found freedom due frame murder wife gang attack ten fifteen solitari train next dae street look fish swim aquarium homeless man wallet full cash mi kang girl work bar cook show often watch familiar unknown man dae via one experi dae come find learn reason imprison mysteri clue grain sand rock sink water speed dae mi someth aliv eat entir live squid much mi shock dae high fever mi piti apart dae moment weak sexual assault mi desper make love soon indic readi next day mi dae daughter adopt coupl dae contact yet goe home mi find chat comput time person subsequ dae captor dae trust mi leav base tast ate seen name blue dragon receipt fragment dae goe variou blue dragon name order determin exactli restaur final right one magic blue dragon deliveri boy one prison prison manag park man teeth claw hammer one year park tape one bear name record dae facil privat prison peopl want someon lock away captor book even give go insan reason captor would give oh dae much upon leav prison gang dae noth bare although get back grave injur dae put taxi man pass man taxi mi exact address reveal dae captor dae unabl anyth state back home mi back health dae goe see old friend shop tape record recogn voic mi line chat friend person call evergreen initi chat evergreen dae wife murder case dae home violent forc inform mi still think work evergreen suddenli say track evergreen user id found owner owner name dae oh also address dae apart build street mi apart final captor man woo tae bodyguard han one dae attack han woo dae kill never learn use tortur woo remot deactiv pacemak surgic chest woo play game dae must find next five day mi die woo kill leav woo casual dae left front door open dae home park gang sexual mi dae park use teeth tortur trick dae han door park suitcas full money leav park leav dae cut park hand dae mi leav apart road grow closer togeth mi readi make love love make woo leav packag room park hand dae woo hear everi word must go shop wire remov shoe next day mi help dae evergreen old high school woo fellow student friend find woo sister school time promiscu reput later howev due abl spi dae woo gone shop enrag made sister death dae listen phone strongli reason imprison someth sister death dae park due lose hand woo hold mi dae old prison facil keep safe woo also dae sever time dae anoth classmat woo sister appar grow sister sex life possibl pregnant time spread dae sourc sudden recollect memori one day school turn dae unintent woo sister ah engag sexual encount know time two relat scene instanc incest dae casual seen one transfer school eventu rumor life ah threw dam kill dae final solut first clue grain sand rock sink water speed casual remark outright accus may devast person woo dae respons sister death dae final woo inform woo search memori eras hypnosi woo dae memori dae simpli forgotten thought insignific howev slip tongu grew proport point ah becom pregnant never clear whether fact believ public humili dae howev woo sister afraid child tri shift blame dae cope guilt woo inde possess photo ah dam day death took pictur present suicid woo side even devast revel dae photo album first pictur famili portrait wife daughter album daughter grow older horror dae daughter none mi time mi angel bag dae bought birthday care secretli take care mi age probabl reason dae sinc incarcer mi sinc father independ woo abl caus dae mi commit incest well dae goe rage han despit mortal wound han subdu woo dae park still work woo ownership prison exchang hand park mi order give similar album woo command dae woo let happen bark like dog eventu go far cut tongu never talk much scene woo handkerchief mouth cri clearli laugh smug struggl hide continu watch dae tortur thirst vengeanc sole reason live final spent woo mi know kill dae bullet mind howev dae remot switch pacemak dae immedi find kill woo tape record woo penthous elev leav dae alon torment tape record incestu love make daughter woo leav taken back guilt ridden memori sister death hold ah dam tri save kill alway known woo afraid noth let go peac eventu grip back elev woo even get reveng dae noth take pain away camera open hand slowli around gun imaginari hammer real gun head elev epilogu set wintri landscap dae goe hypnotist one woo hire hypnot dae mi help forget secret letter sinc longer talk hypnotist said origin want help touch last sentenc even though beast right live sentenc oh dae suicid man begin movi hypnotist oh dae imagin back woo penthous hypnosi split dae two beast secret ignor dae know hypnotist dae split two peopl reflect window hypnotist monster walk away everi step age year die reflect beast grim express remain unmov unwil leav place dae mind ignor dae reflect glass loss major part life camera player music set scene oh dae wish best luck screen turn black dae wake hypnotist alreadi gone left lie cold ground deliri feel final hesit mi embrac soft spoken mi dae larg smile face slowli tortur grimac,https://pro.imdb.com/title/tt0364569?rf=cons_tt_bo_tt&ref_=cons_tt_bo_tt,y,0
1856,1856,"The Gangster, the Cop, the Devil",-,6.9,7.0,6.9,6.9,6.5,5.9,6.8,7.0,7.0,6.9,6.7,6.7,6.9,"the gangster, the cop, the devil",man car hit stranger take damag car insur tae honest cop goe crime scene work serial killer senior believ gangster dong way home meet killer car eventu kill brutal fight leav injur final killer knock dong car dong admit hospit assum attack rival gang counter latter howev dong killer rival gang member random purposeless tae dong hospit catch killer dong compli instead dong men find killer sketch manag find car knife dong eventu tae decid team catch mysteri killer dong provid cover condit killer one first dong kill reveng tae arrest order solv five connect murder eventu get meanwhil dong right hand man oh sung kill rival sang killer knife alreadi blood killer previou enrag tae fight dong upon learn done kill confirm serial killer work case would get transfer major case squad dong sang funer killer also turn sang second command man dong actual sang killer knife tae dong check killer car evid sang fight result death sang right hand man dong buri scene tae assign investig case killer chase killer forens tae killer miss person dong hear voic clip confirm miss person killer later dong school girl give umbrella soon umbrella found crime scene start look killer eventu find car chase killer kill oh sung final dong gangster killer away tortur kill tae car dong unconsci arrest killer conclus evid killer whose name reveal kang ho dong sole survivor attack guilti dong stab due self defens ho bodi court ho death howev dong also due crimin tae final dong transfer prison ho also kept condit dong tae fulfil exchang testimoni arrest ho shower dong tap smile rope,https://pro.imdb.com/title/tt10208198?rf=cons_tt_bo_tt&ref_=cons_tt_bo_tt,y,4
